{
  "median_values": {
    "TransactionAmt": -0.27704270683510546,
    "TransactionDT": -0.01424749391629545,
    "card1": -0.0450371723668028,
    "card4_freq": 0.7019658150478282,
    "card6_freq": 0.5840296162331295,
    "addr1": 0.076566223044261,
    "dist1": -0.1839673349734513,
    "P_emaildomain_freq": -0.3209485051998381,
    "R_emaildomain_freq": 0.5494404802970276,
    "M1_freq": 0.9188534712621268,
    "M4_freq": -0.1655912401122268,
    "M5_freq": 0.8255768309500174,
    "M6_freq": -0.267146960726035,
    "M9_freq": 0.7582543674767274,
    "C1": -0.0980202522396568,
    "C2": -0.0922599606945688,
    "C8": -0.0539385169674496,
    "C11": -0.0979636676915037,
    "V18": -0.3369861042334968,
    "V21": -0.3536794188603966,
    "V97": -0.0620378299582539,
    "V133": -0.053956165723539,
    "V189": -0.0235024902674125,
    "V200": -0.0463978257060539,
    "V258": -0.0791948601633437,
    "V282": 0.1981008034939179,
    "V294": -0.0585390412824901,
    "V312": -0.2275832374879408,
    "DeviceType_freq": 0.5590126842488131,
    "id_15_freq": 0.5594686871945935,
    "id_28_freq": 0.5599067306914595,
    "id_29_freq": 0.5599405207013407,
    "id_31_freq": 0.5580884182158247,
    "id_35_freq": 0.5598728066513212,
    "id_36_freq": 0.5573472442825711,
    "id_37_freq": 0.5568973588149491,
    "id_38_freq": 0.5599789805569779
  },
  "mode_values": {
    "TransactionAmt": -0.3178894423060284,
    "TransactionDT": 0.4553618431753853,
    "card1": -0.4039313617600149,
    "card4_freq": 0.7019658150478282,
    "card6_freq": 0.5840296162331295,
    "addr1": 0.076566223044261,
    "dist1": -0.1839673349734513,
    "P_emaildomain_freq": 1.18152641762374,
    "R_emaildomain_freq": 0.5494404802970276,
    "M1_freq": 0.9188534712621268,
    "M4_freq": 0.8516282504214812,
    "M5_freq": 0.8255768309500174,
    "M6_freq": 1.1628046850466316,
    "M9_freq": 0.7582543674767274,
    "C1": -0.0980202522396568,
    "C2": -0.0922599606945688,
    "C8": -0.0539385169674496,
    "C11": -0.0979636676915037,
    "V18": -0.3369861042334968,
    "V21": -0.3536794188603966,
    "V97": -0.0620378299582539,
    "V133": -0.053956165723539,
    "V189": -0.0235024902674125,
    "V200": -0.0463978257060539,
    "V258": -0.0791948601633437,
    "V282": 0.1981008034939179,
    "V294": -0.0585390412824901,
    "V312": -0.2275832374879408,
    "DeviceType_freq": 0.5590126842488131,
    "id_15_freq": 0.5594686871945935,
    "id_28_freq": 0.5599067306914595,
    "id_29_freq": 0.5599405207013407,
    "id_31_freq": 0.5580884182158247,
    "id_35_freq": 0.5598728066513212,
    "id_36_freq": 0.5573472442825711,
    "id_37_freq": 0.5568973588149491,
    "id_38_freq": 0.5599789805569779
  }
}